message,emotion
7/5/2025 23:39:58,Timestamp
7/5/2025 23:40:01,Timestamp
7/5/2025 23:41:10,Timestamp
7/6/2025 0:15:13,Timestamp
7/9/2025 20:29:22,Timestamp
7/9/2025 20:45:19,Timestamp
7/9/2025 20:49:46,Timestamp
7/9/2025 20:51:05,Timestamp
7/9/2025 20:56:34,Timestamp
7/9/2025 21:00:09,Timestamp
7/9/2025 21:05:33,Timestamp
7/9/2025 21:06:31,Timestamp
7/9/2025 21:29:24,Timestamp
7/9/2025 21:42:24,Timestamp
7/9/2025 21:45:34,Timestamp
7/9/2025 21:46:48,Timestamp
7/9/2025 21:47:30,Timestamp
7/9/2025 22:00:01,Timestamp
7/9/2025 22:19:28,Timestamp
7/9/2025 23:02:29,Timestamp
7/10/2025 1:32:50,Timestamp
7/10/2025 2:12:37,Timestamp
7/10/2025 2:25:28,Timestamp
7/10/2025 5:50:48,Timestamp
7/10/2025 11:13:32,Timestamp
7/10/2025 12:04:37,Timestamp
7/10/2025 12:49:45,Timestamp
7/10/2025 16:24:00,Timestamp
7/10/2025 19:16:07,Timestamp
7/10/2025 19:26:38,Timestamp
7/10/2025 19:32:44,Timestamp
7/10/2025 19:40:46,Timestamp
7/10/2025 19:49:08,Timestamp
7/10/2025 19:54:39,Timestamp
7/10/2025 21:22:02,Timestamp
7/10/2025 22:26:24,Timestamp
7/10/2025 22:30:48,Timestamp
7/10/2025 22:49:15,Timestamp
7/10/2025 22:52:08,Timestamp
7/10/2025 23:00:51,Timestamp
7/10/2025 23:08:31,Timestamp
7/10/2025 23:23:29,Timestamp
7/11/2025 6:20:20,Timestamp
7/11/2025 12:16:34,Timestamp
7/11/2025 13:07:16,Timestamp
7/11/2025 13:26:35,Timestamp
7/11/2025 13:30:15,Timestamp
7/11/2025 13:34:51,Timestamp
7/11/2025 13:49:50,Timestamp
7/11/2025 14:04:16,Timestamp
7/11/2025 14:05:36,Timestamp
7/11/2025 14:17:36,Timestamp
7/11/2025 15:06:39,Timestamp
7/11/2025 15:20:17,Timestamp
7/11/2025 15:48:44,Timestamp
7/11/2025 17:46:12,Timestamp
7/11/2025 18:49:46,Timestamp
7/11/2025 18:53:01,Timestamp
7/11/2025 19:22:34,Timestamp
7/11/2025 20:36:12,Timestamp
7/11/2025 20:39:01,Timestamp
7/11/2025 20:41:48,Timestamp
7/11/2025 20:45:02,Timestamp
7/11/2025 20:54:41,Timestamp
7/11/2025 20:58:34,Timestamp
7/11/2025 20:58:38,Timestamp
7/11/2025 21:07:13,Timestamp
7/11/2025 21:10:37,Timestamp
7/11/2025 21:46:46,Timestamp
7/11/2025 22:04:18,Timestamp
7/11/2025 22:08:25,Timestamp
7/11/2025 22:59:32,Timestamp
7/11/2025 23:35:43,Timestamp
7/12/2025 0:21:54,Timestamp
7/12/2025 0:22:24,Timestamp
7/12/2025 0:53:27,Timestamp
7/12/2025 5:13:05,Timestamp
7/12/2025 5:26:18,Timestamp
7/12/2025 6:15:47,Timestamp
7/12/2025 6:59:15,Timestamp
7/12/2025 7:26:34,Timestamp
7/12/2025 8:18:33,Timestamp
7/12/2025 8:18:49,Timestamp
7/12/2025 8:55:55,Timestamp
7/12/2025 9:01:36,Timestamp
7/12/2025 10:00:58,Timestamp
7/12/2025 10:10:32,Timestamp
7/12/2025 10:15:50,Timestamp
7/12/2025 11:00:08,Timestamp
7/12/2025 11:07:50,Timestamp
7/12/2025 11:57:40,Timestamp
7/12/2025 14:07:26,Timestamp
7/12/2025 14:40:36,Timestamp
7/12/2025 14:58:00,Timestamp
7/12/2025 15:50:39,Timestamp
7/12/2025 16:34:41,Timestamp
7/12/2025 16:57:15,Timestamp
7/12/2025 18:26:50,Timestamp
7/12/2025 23:36:53,Timestamp
7/13/2025 13:02:00,Timestamp
7/13/2025 17:28:03,Timestamp
7/13/2025 18:42:22,Timestamp
7/14/2025 17:52:08,Timestamp
7/14/2025 23:30:08,Timestamp
7/14/2025 23:53:48,Timestamp
7/15/2025 0:19:11,Timestamp
7/15/2025 0:20:59,Timestamp
7/15/2025 10:12:28,Timestamp
7/16/2025 0:50:16,Timestamp
7/16/2025 0:55:45,Timestamp
7/16/2025 1:00:34,Timestamp
7/16/2025 1:05:50,Timestamp
7/16/2025 13:09:49,Timestamp
7/18/2025 22:26:11,Timestamp
7/18/2025 22:32:38,Timestamp
7/18/2025 22:37:46,Timestamp
7/18/2025 22:40:10,Timestamp
7/19/2025 21:43:50,Timestamp
7/19/2025 21:45:47,Timestamp
7/19/2025 21:46:46,Timestamp
7/19/2025 21:48:36,Timestamp
7/19/2025 21:50:32,Timestamp
7/19/2025 21:50:42,Timestamp
7/19/2025 21:52:32,Timestamp
7/19/2025 21:54:19,Timestamp
7/19/2025 21:54:33,Timestamp
7/19/2025 21:58:31,Timestamp
7/19/2025 22:00:01,Timestamp
7/19/2025 22:01:28,Timestamp
7/19/2025 22:01:50,Timestamp
7/19/2025 22:03:42,Timestamp
7/19/2025 22:05:24,Timestamp
7/19/2025 22:09:08,Timestamp
7/19/2025 22:12:05,Timestamp
7/19/2025 22:14:08,Timestamp
7/19/2025 22:15:39,Timestamp
7/19/2025 22:16:55,Timestamp
7/19/2025 22:18:06,Timestamp
7/19/2025 22:19:48,Timestamp
7/19/2025 22:21:40,Timestamp
7/19/2025 22:23:51,Timestamp
7/19/2025 22:25:52,Timestamp
7/19/2025 23:00:30,Timestamp
7/19/2025 23:26:36,Timestamp
7/19/2025 23:45:14,Timestamp
7/19/2025 23:46:47,Timestamp
7/19/2025 23:48:50,Timestamp
7/19/2025 23:49:32,Timestamp
7/19/2025 23:50:14,Timestamp
7/19/2025 23:50:42,Timestamp
7/19/2025 23:51:29,Timestamp
7/19/2025 23:52:09,Timestamp
7/19/2025 23:54:04,Timestamp
7/20/2025 0:09:29,Timestamp
I finally passed the exam I was so stressed about," 1. Joy
 (e.g., Lecturer ended class 30 minutes-early blessing!.)"
Alhamdulillah! I finally got an A for my project. I'm so happy," 1. Joy
 (e.g., Lecturer ended class 30 minutes-early blessing!.)"
Tomarrow's lecture cancel," 1. Joy
 (e.g., Lecturer ended class 30 minutes-early blessing!.)"
I am so excited," 1. Joy
 (e.g., Lecturer ended class 30 minutes-early blessing!.)"
I’m so happy today! I passed all my subjects in the exam!," 1. Joy
 (e.g., Lecturer ended class 30 minutes-early blessing!.)"
I pass the exam," 1. Joy
 (e.g., Lecturer ended class 30 minutes-early blessing!.)"
"I have just finished a book, I feel so good."," 1. Joy
 (e.g., Lecturer ended class 30 minutes-early blessing!.)"
How are you," 1. Joy
 (e.g., Lecturer ended class 30 minutes-early blessing!.)"
Just had a surprise lunch with my best friends after months apart — laughed nonstop and made the best memories. My heart is so full!," 1. Joy
 (e.g., Lecturer ended class 30 minutes-early blessing!.)"
I did really well in my presentation. I’m so happy," 1. Joy
 (e.g., Lecturer ended class 30 minutes-early blessing!.)"
"I'm so happy today,everything feels just right!"," 1. Joy
 (e.g., Lecturer ended class 30 minutes-early blessing!.)"
I'm happy to see you," 1. Joy
 (e.g., Lecturer ended class 30 minutes-early blessing!.)"
Pass the semester exam," 1. Joy
 (e.g., Lecturer ended class 30 minutes-early blessing!.)"
Everything feels light and positive today. I’m genuinely enjoying every moment!," 1. Joy
 (e.g., Lecturer ended class 30 minutes-early blessing!.)"
Thinking about my lover fills my heart with joy.," 1. Joy
 (e.g., Lecturer ended class 30 minutes-early blessing!.)"
I have pass the exam," 1. Joy
 (e.g., Lecturer ended class 30 minutes-early blessing!.)"
There is a dj tonight at the university," 1. Joy
 (e.g., Lecturer ended class 30 minutes-early blessing!.)"
When my bike has a full tank of petrol," 1. Joy
 (e.g., Lecturer ended class 30 minutes-early blessing!.)"
I'm happy," 1. Joy
 (e.g., Lecturer ended class 30 minutes-early blessing!.)"
When we have a vacation," 1. Joy
 (e.g., Lecturer ended class 30 minutes-early blessing!.)"
I am feeling joy," 1. Joy
 (e.g., Lecturer ended class 30 minutes-early blessing!.)"
"I'm so happy! Everything feels perfect,and I can't stop smiling.life is beautiful"," 1. Joy
 (e.g., Lecturer ended class 30 minutes-early blessing!.)"
The next book of my favourite book series gets published.," 1. Joy
 (e.g., Lecturer ended class 30 minutes-early blessing!.)"
I’m feeling absolutely wonderful today!," 1. Joy
 (e.g., Lecturer ended class 30 minutes-early blessing!.)"
I have got selected for a course of study," 1. Joy
 (e.g., Lecturer ended class 30 minutes-early blessing!.)"
All praise be to to almighty.," 1. Joy
 (e.g., Lecturer ended class 30 minutes-early blessing!.)"
With my friends," 1. Joy
 (e.g., Lecturer ended class 30 minutes-early blessing!.)"
Be happy always," 1. Joy
 (e.g., Lecturer ended class 30 minutes-early blessing!.)"
When I visit foreign," 1. Joy
 (e.g., Lecturer ended class 30 minutes-early blessing!.)"
I'm talking with my favourite person," 1. Joy
 (e.g., Lecturer ended class 30 minutes-early blessing!.)"
Every thing is very well," 1. Joy
 (e.g., Lecturer ended class 30 minutes-early blessing!.)"
I am watching cricket," 1. Joy
 (e.g., Lecturer ended class 30 minutes-early blessing!.)"
With my family," 1. Joy
 (e.g., Lecturer ended class 30 minutes-early blessing!.)"
I received a surprise birthday gift from my loved ones," 1. Joy
 (e.g., Lecturer ended class 30 minutes-early blessing!.)"
Today i had a great time with my best friend," 1. Joy
 (e.g., Lecturer ended class 30 minutes-early blessing!.)"
All praise be to god," 1. Joy
 (e.g., Lecturer ended class 30 minutes-early blessing!.)"
"I'm feeling so incredibly happy right now! Everything just feels right, and I can't stop smiling. Today is truly a good day!"," 1. Joy
 (e.g., Lecturer ended class 30 minutes-early blessing!.)"
I am in happy mood today," 1. Joy
 (e.g., Lecturer ended class 30 minutes-early blessing!.)"
I’m feeling so happy right now," 1. Joy
 (e.g., Lecturer ended class 30 minutes-early blessing!.)"
I'm feeling so happy today! Everything just feels bright and full of possibilities. Grateful for the little things that bring big smiles!," 1. Joy
 (e.g., Lecturer ended class 30 minutes-early blessing!.)"
When someone says they love my character," 1. Joy
 (e.g., Lecturer ended class 30 minutes-early blessing!.)"
I am going on a trip next week," 1. Joy
 (e.g., Lecturer ended class 30 minutes-early blessing!.)"
I feel incredibly happy today. Alhamdhulilllahh...," 1. Joy
 (e.g., Lecturer ended class 30 minutes-early blessing!.)"
Just booked my dream trip! So excited," 1. Joy
 (e.g., Lecturer ended class 30 minutes-early blessing!.)"
Today feels amazing! I’m just overflowing with happiness and gratitude," 1. Joy
 (e.g., Lecturer ended class 30 minutes-early blessing!.)"
I'm so happy right now! I can't stop smiling," 1. Joy
 (e.g., Lecturer ended class 30 minutes-early blessing!.)"
When seeing life partner," 1. Joy
 (e.g., Lecturer ended class 30 minutes-early blessing!.)"
I’m so excited," 1. Joy
 (e.g., Lecturer ended class 30 minutes-early blessing!.)"
My friend found a good partner," 1. Joy
 (e.g., Lecturer ended class 30 minutes-early blessing!.)"
"I met my boyfriend after one year, and I felt very happy..."," 1. Joy
 (e.g., Lecturer ended class 30 minutes-early blessing!.)"
University life is over i am so happy," 1. Joy
 (e.g., Lecturer ended class 30 minutes-early blessing!.)"
I am selected for a foreign university," 1. Joy
 (e.g., Lecturer ended class 30 minutes-early blessing!.)"
Yaaaayyyyy I’m super excited," 1. Joy
 (e.g., Lecturer ended class 30 minutes-early blessing!.)"
I'm so happy to let you know that I've passed all the subjects and I'm eligible to writer the next semester exams. I don't even remember how I managed to answer all those questions.," 1. Joy
 (e.g., Lecturer ended class 30 minutes-early blessing!.)"
"Had soo much fun, much needed."," 1. Joy
 (e.g., Lecturer ended class 30 minutes-early blessing!.)"
"""I just got my results and I passed with flying colors! I'm so happy and relieved right now!"""," 1. Joy
 (e.g., Lecturer ended class 30 minutes-early blessing!.)"
"Hey dude, you did your best"," 1. Joy
 (e.g., Lecturer ended class 30 minutes-early blessing!.)"
That made may day," 1. Joy
 (e.g., Lecturer ended class 30 minutes-early blessing!.)"
When we having a good which is our favorite," 1. Joy
 (e.g., Lecturer ended class 30 minutes-early blessing!.)"
I finally finished my assignment before the deadline! Feeling so happy and relieved," 1. Joy
 (e.g., Lecturer ended class 30 minutes-early blessing!.)"
When I arrange to go on atrip," 1. Joy
 (e.g., Lecturer ended class 30 minutes-early blessing!.)"
I'm feeling really happy today! Everything just feels good.," 1. Joy
 (e.g., Lecturer ended class 30 minutes-early blessing!.)"
Just feeling really happy right now—had to say it. Hope you're having a good day too!," 1. Joy
 (e.g., Lecturer ended class 30 minutes-early blessing!.)"
Feeling really happy today—just one of those good days where everything feels right.," 1. Joy
 (e.g., Lecturer ended class 30 minutes-early blessing!.)"
Hey what's up?," 1. Joy
 (e.g., Lecturer ended class 30 minutes-early blessing!.)"
I'm very Lucky to have you in my life.," 1. Joy
 (e.g., Lecturer ended class 30 minutes-early blessing!.)"
chilll brooo," 1. Joy
 (e.g., Lecturer ended class 30 minutes-early blessing!.)"
I am fine," 1. Joy
 (e.g., Lecturer ended class 30 minutes-early blessing!.)"
I have selected for 4th year special (Honors) degree.," 1. Joy
 (e.g., Lecturer ended class 30 minutes-early blessing!.)"
When my friends suddenly come to my house," 1. Joy
 (e.g., Lecturer ended class 30 minutes-early blessing!.)"
University trip," 1. Joy
 (e.g., Lecturer ended class 30 minutes-early blessing!.)"
"I'm feeling so happy right now! Everything is going well, and I just can't stop smiling."," 1. Joy
 (e.g., Lecturer ended class 30 minutes-early blessing!.)"
When I get a credit from my favourite person," 1. Joy
 (e.g., Lecturer ended class 30 minutes-early blessing!.)"
"I’m feeling absolutely amazing today! Everything just feels right, and I’m so grateful for the little moments that bring so much happiness. Smiling nonstop and sending good vibes your way!"," 1. Joy
 (e.g., Lecturer ended class 30 minutes-early blessing!.)"
I am happy," 1. Joy
 (e.g., Lecturer ended class 30 minutes-early blessing!.)"
I'm going home," 1. Joy
 (e.g., Lecturer ended class 30 minutes-early blessing!.)"
I achieved the goal which I prayed for," 1. Joy
 (e.g., Lecturer ended class 30 minutes-early blessing!.)"
I am very happy," 1. Joy
 (e.g., Lecturer ended class 30 minutes-early blessing!.)"
I am very happy to sharing this information with you," 1. Joy
 (e.g., Lecturer ended class 30 minutes-early blessing!.)"
Tomorrow l will go to the trip," 1. Joy
 (e.g., Lecturer ended class 30 minutes-early blessing!.)"
Going on a trip," 1. Joy
 (e.g., Lecturer ended class 30 minutes-early blessing!.)"
I'm so happy," 1. Joy
 (e.g., Lecturer ended class 30 minutes-early blessing!.)"
Returning home from hostel," 1. Joy
 (e.g., Lecturer ended class 30 minutes-early blessing!.)"
I was successed in my career," 1. Joy
 (e.g., Lecturer ended class 30 minutes-early blessing!.)"
I feel excited for today," 1. Joy
 (e.g., Lecturer ended class 30 minutes-early blessing!.)"
I got best results in exam," 1. Joy
 (e.g., Lecturer ended class 30 minutes-early blessing!.)"
when i met my friends yesterday unexpectedly.," 1. Joy
 (e.g., Lecturer ended class 30 minutes-early blessing!.)"
When talking to God and parents," 1. Joy
 (e.g., Lecturer ended class 30 minutes-early blessing!.)"
Everything just seems to be going right," 1. Joy
 (e.g., Lecturer ended class 30 minutes-early blessing!.)"
I was happy when I understood a tough concept in statistics practical after struggling with it for days.," 1. Joy
 (e.g., Lecturer ended class 30 minutes-early blessing!.)"
I felt joy when I saw my name on the Dean’s List after the semester results were released.," 1. Joy
 (e.g., Lecturer ended class 30 minutes-early blessing!.)"
IAM so happy," 1. Joy
 (e.g., Lecturer ended class 30 minutes-early blessing!.)"
I have passed in all examinations," 1. Joy
 (e.g., Lecturer ended class 30 minutes-early blessing!.)"
I am going home," 1. Joy
 (e.g., Lecturer ended class 30 minutes-early blessing!.)"
I am excited," 1. Joy
 (e.g., Lecturer ended class 30 minutes-early blessing!.)"
I feel happy when I play with my nephew," 1. Joy
 (e.g., Lecturer ended class 30 minutes-early blessing!.)"
Got selected for the university badminton team.," 1. Joy
 (e.g., Lecturer ended class 30 minutes-early blessing!.)"
Got good result in semester exam," 1. Joy
 (e.g., Lecturer ended class 30 minutes-early blessing!.)"
Won the inter-faculty football match.," 1. Joy
 (e.g., Lecturer ended class 30 minutes-early blessing!.)"
"She replied ""haha"" instead of ignoring me!"," 1. Joy
 (e.g., Lecturer ended class 30 minutes-early blessing!.)"
Got free lunch from senior today," 1. Joy
 (e.g., Lecturer ended class 30 minutes-early blessing!.)"
Got my first internship offer today," 1. Joy
 (e.g., Lecturer ended class 30 minutes-early blessing!.)"
Good day," 1. Joy
 (e.g., Lecturer ended class 30 minutes-early blessing!.)"
Top rank in class this semester! All that grinding paid off!," 1. Joy
 (e.g., Lecturer ended class 30 minutes-early blessing!.)"
Scored the winning goal today! Felt amazing!," 1. Joy
 (e.g., Lecturer ended class 30 minutes-early blessing!.)"
Just got my dream job! Let’s goooo!," 1. Joy
 (e.g., Lecturer ended class 30 minutes-early blessing!.)"
Finally bought my first bike! Can’t stop smiling!," 1. Joy
 (e.g., Lecturer ended class 30 minutes-early blessing!.)"
Had the most perfect day with my favorite people.," 1. Joy
 (e.g., Lecturer ended class 30 minutes-early blessing!.)"
I scored a goal in today's match.," 1. Joy
 (e.g., Lecturer ended class 30 minutes-early blessing!.)"
I finally submitted that assignment early—feeling so accomplished!," 1. Joy
 (e.g., Lecturer ended class 30 minutes-early blessing!.)"
Guess who aced the midterm? Me!!," 1. Joy
 (e.g., Lecturer ended class 30 minutes-early blessing!.)"
I'm looking great today," 1. Joy
 (e.g., Lecturer ended class 30 minutes-early blessing!.)"
Group project actually went well... miracles happen," 1. Joy
 (e.g., Lecturer ended class 30 minutes-early blessing!.)"
Got my internship offer today—I’m so hyped!," 1. Joy
 (e.g., Lecturer ended class 30 minutes-early blessing!.)"
Coffee + friends + no lectures = perfect day," 1. Joy
 (e.g., Lecturer ended class 30 minutes-early blessing!.)"
Just got tickets to my dream concert," 1. Joy
 (e.g., Lecturer ended class 30 minutes-early blessing!.)"
All lectures cancelled today. I feel free!," 1. Joy
 (e.g., Lecturer ended class 30 minutes-early blessing!.)"
Got great feedback from my professor—made my day!," 1. Joy
 (e.g., Lecturer ended class 30 minutes-early blessing!.)"
"Had the best study session ever, felt so productive."," 1. Joy
 (e.g., Lecturer ended class 30 minutes-early blessing!.)"
I got the admission to my dream university," 1. Joy
 (e.g., Lecturer ended class 30 minutes-early blessing!.)"
"My presentation rocked, and I’m still buzzing!"," 1. Joy
 (e.g., Lecturer ended class 30 minutes-early blessing!.)"
Just vibing in the library with good music and no stress.," 1. Joy
 (e.g., Lecturer ended class 30 minutes-early blessing!.)"
"Laughed so hard today, I forgot all my worries."," 1. Joy
 (e.g., Lecturer ended class 30 minutes-early blessing!.)"
Today was a perfect mix of laughter and sunshine.," 1. Joy
 (e.g., Lecturer ended class 30 minutes-early blessing!.)"
"Made someone smile today, and it made my day too."," 1. Joy
 (e.g., Lecturer ended class 30 minutes-early blessing!.)"
Finally finished a tough task—so proud of myself!," 1. Joy
 (e.g., Lecturer ended class 30 minutes-early blessing!.)"
Nothing beats that warm cozy feeling after a good meal.," 1. Joy
 (e.g., Lecturer ended class 30 minutes-early blessing!.)"
Got a surprise compliment that totally made me blush.," 1. Joy
 (e.g., Lecturer ended class 30 minutes-early blessing!.)"
That made me smile.," 1. Joy
 (e.g., Lecturer ended class 30 minutes-early blessing!.)"
Today was a great day.," 1. Joy
 (e.g., Lecturer ended class 30 minutes-early blessing!.)"
I am proud of what I did.," 1. Joy
 (e.g., Lecturer ended class 30 minutes-early blessing!.)"
I am excited for the weekend.," 1. Joy
 (e.g., Lecturer ended class 30 minutes-early blessing!.)"
Successfully completed my diploma.," 1. Joy
 (e.g., Lecturer ended class 30 minutes-early blessing!.)"
Bought a new car.," 1. Joy
 (e.g., Lecturer ended class 30 minutes-early blessing!.)"
Weekend trip with the boys confirmed! Time to chill!," 1. Joy
 (e.g., Lecturer ended class 30 minutes-early blessing!.)"
Guess who aced the coding test? This guy right here!," 1. Joy
 (e.g., Lecturer ended class 30 minutes-early blessing!.)"
Guess who aced the coding test? This guy right here!," 1. Joy
 (e.g., Lecturer ended class 30 minutes-early blessing!.)"
Mom sent homemade biriyani to the hostel!," 1. Joy
 (e.g., Lecturer ended class 30 minutes-early blessing!.)"
I finally got the grade I was hoping for—so relieved," 1. Joy
 (e.g., Lecturer ended class 30 minutes-early blessing!.)"
Lecturer ended class 30 minutes early blessing!," 1. Joy
 (e.g., Lecturer ended class 30 minutes-early blessing!.)"
That referee was totally biased! We deserved to win!," 1. Joy
 (e.g., Lecturer ended class 30 minutes-early blessing!.)"
Met some amazing people at the club fair today!," 1. Joy
 (e.g., Lecturer ended class 30 minutes-early blessing!.)"
"Bro, I finally nailed that penalty shot—felt like a pro out there!"," 1. Joy
 (e.g., Lecturer ended class 30 minutes-early blessing!.)"
All praise be to almighty," 1. Joy
 (e.g., Lecturer ended class 30 minutes-early blessing!.)"
I didn't do well on the assignment,"2.Sadness  
 (e.g., Missed the scholarship by just 1 mark.)"
I’ve been crying alone in my room… nothing seems to be going right.,"2.Sadness  
 (e.g., Missed the scholarship by just 1 mark.)"
I am just tired of everything lately,"2.Sadness  
 (e.g., Missed the scholarship by just 1 mark.)"
Feeling low today,"2.Sadness  
 (e.g., Missed the scholarship by just 1 mark.)"
I didn’t do well on my test... feeling really low right now.,"2.Sadness  
 (e.g., Missed the scholarship by just 1 mark.)"
"ok, noted","2.Sadness  
 (e.g., Missed the scholarship by just 1 mark.)"
Someone not understand me,"2.Sadness  
 (e.g., Missed the scholarship by just 1 mark.)"
"Today I don't really feel myself today, I feel empty.","2.Sadness  
 (e.g., Missed the scholarship by just 1 mark.)"
What are doing,"2.Sadness  
 (e.g., Missed the scholarship by just 1 mark.)"
Feeling really low today… some days just weigh heavier than others. Trying to hold on and breathe through it.,"2.Sadness  
 (e.g., Missed the scholarship by just 1 mark.)"
"I passed, but my marks were lower than I hoped.","2.Sadness  
 (e.g., Missed the scholarship by just 1 mark.)"
Miss you,"2.Sadness  
 (e.g., Missed the scholarship by just 1 mark.)"
Feeling really low today…,"2.Sadness  
 (e.g., Missed the scholarship by just 1 mark.)"
I feel alone without you,"2.Sadness  
 (e.g., Missed the scholarship by just 1 mark.)"
"feeling really down today. Nothing seems to be going right, and I just feel emotionally drained.","2.Sadness  
 (e.g., Missed the scholarship by just 1 mark.)"
My heart feels heavy whenever I think about my lover.,"2.Sadness  
 (e.g., Missed the scholarship by just 1 mark.)"
I have repeated in the exam,"2.Sadness  
 (e.g., Missed the scholarship by just 1 mark.)"
My current GPA is less than 3.,"2.Sadness  
 (e.g., Missed the scholarship by just 1 mark.)"
I do not have a mind to everything,"2.Sadness  
 (e.g., Missed the scholarship by just 1 mark.)"
Next will be an exam,"2.Sadness  
 (e.g., Missed the scholarship by just 1 mark.)"
I am feeling sad,"2.Sadness  
 (e.g., Missed the scholarship by just 1 mark.)"
I just feel really low.It's like there's a cloud over me and I can't shake it off,"2.Sadness  
 (e.g., Missed the scholarship by just 1 mark.)"
When my favourite book character dies.,"2.Sadness  
 (e.g., Missed the scholarship by just 1 mark.)"
I’m feeling really down right now,"2.Sadness  
 (e.g., Missed the scholarship by just 1 mark.)"
My purse was missed by me.,"2.Sadness  
 (e.g., Missed the scholarship by just 1 mark.)"
It's okay.. I'm used to it,"2.Sadness  
 (e.g., Missed the scholarship by just 1 mark.)"
Scolding from parents,"2.Sadness  
 (e.g., Missed the scholarship by just 1 mark.)"
Every sad situation brings You a big strength,"2.Sadness  
 (e.g., Missed the scholarship by just 1 mark.)"
Iam not selected the interview,"2.Sadness  
 (e.g., Missed the scholarship by just 1 mark.)"
I'm not pass the exam,"2.Sadness  
 (e.g., Missed the scholarship by just 1 mark.)"
I lost my money pawvch,"2.Sadness  
 (e.g., Missed the scholarship by just 1 mark.)"
Tomorrow is exam day,"2.Sadness  
 (e.g., Missed the scholarship by just 1 mark.)"
Be alone,"2.Sadness  
 (e.g., Missed the scholarship by just 1 mark.)"
My best friend moved to another city,"2.Sadness  
 (e.g., Missed the scholarship by just 1 mark.)"
"I studied very hard ,eventhough i got low result.","2.Sadness  
 (e.g., Missed the scholarship by just 1 mark.)"
Why can't I do this,"2.Sadness  
 (e.g., Missed the scholarship by just 1 mark.)"
"I’m feeling really down today. It’s like a heavy cloud is hanging over me, and I just can’t seem to shake it off. I hope tomorrow feels a little lighter","2.Sadness  
 (e.g., Missed the scholarship by just 1 mark.)"
I have a problem,"2.Sadness  
 (e.g., Missed the scholarship by just 1 mark.)"
My heart feels heavy,"2.Sadness  
 (e.g., Missed the scholarship by just 1 mark.)"
"Feeling a bit down today... Sometimes things just don’t go as hoped, and it’s hard to shake the heaviness. Hoping for brighter moments soon.","2.Sadness  
 (e.g., Missed the scholarship by just 1 mark.)"
The message which says that we have lectures on weekends as well,"2.Sadness  
 (e.g., Missed the scholarship by just 1 mark.)"
I failed a subject in the last exam,"2.Sadness  
 (e.g., Missed the scholarship by just 1 mark.)"
It's not my day. Feel so down today.. insha allah hope to get on my track..,"2.Sadness  
 (e.g., Missed the scholarship by just 1 mark.)"
"""It's really hard to understand lectures in English… I feel lost and frustrated.","2.Sadness  
 (e.g., Missed the scholarship by just 1 mark.)"
I’m feeling really down today. It’s one of those moments where everything just feels heavy,"2.Sadness  
 (e.g., Missed the scholarship by just 1 mark.)"
I feel like I'm crying,"2.Sadness  
 (e.g., Missed the scholarship by just 1 mark.)"
If someone saying they are living sad,"2.Sadness  
 (e.g., Missed the scholarship by just 1 mark.)"
I can’t stop crying,"2.Sadness  
 (e.g., Missed the scholarship by just 1 mark.)"
genocides on Gaza people,"2.Sadness  
 (e.g., Missed the scholarship by just 1 mark.)"
So sad,"2.Sadness  
 (e.g., Missed the scholarship by just 1 mark.)"
My boyfriend will return from abroad within 1 week... I feel very sad...,"2.Sadness  
 (e.g., Missed the scholarship by just 1 mark.)"
I feel lost everything in my life,"2.Sadness  
 (e.g., Missed the scholarship by just 1 mark.)"
I tried my best but I got fail,"2.Sadness  
 (e.g., Missed the scholarship by just 1 mark.)"
"Huh, I’m alright","2.Sadness  
 (e.g., Missed the scholarship by just 1 mark.)"
"The pain I go through cannot be expressed in mere words, I feel like I'm falling into an abyss while something heavy tugs at my heart.","2.Sadness  
 (e.g., Missed the scholarship by just 1 mark.)"
May be it was because of the way I handled it.,"2.Sadness  
 (e.g., Missed the scholarship by just 1 mark.)"
I'm not feel good,"2.Sadness  
 (e.g., Missed the scholarship by just 1 mark.)"
"""I tried my best, but things didn’t go the way I hoped. Feeling really down today.""","2.Sadness  
 (e.g., Missed the scholarship by just 1 mark.)"
You have changed a lot,"2.Sadness  
 (e.g., Missed the scholarship by just 1 mark.)"
I miss those moments,"2.Sadness  
 (e.g., Missed the scholarship by just 1 mark.)"
When we miss a closest person in life,"2.Sadness  
 (e.g., Missed the scholarship by just 1 mark.)"
I studied really hard for this exam but didn’t get the marks I expected… feeling so down,"2.Sadness  
 (e.g., Missed the scholarship by just 1 mark.)"
Loss of a family member,"2.Sadness  
 (e.g., Missed the scholarship by just 1 mark.)"
I am done with life. Everything seems messed up around me. I am stressed,"2.Sadness  
 (e.g., Missed the scholarship by just 1 mark.)"
"Just feeling a bit down today. Not really sure why. just one of those days, I guess.","2.Sadness  
 (e.g., Missed the scholarship by just 1 mark.)"
Feeling a bit down today—just one of those days where everything feels a little heavier than usual.,"2.Sadness  
 (e.g., Missed the scholarship by just 1 mark.)"
Well.. feeling sad,"2.Sadness  
 (e.g., Missed the scholarship by just 1 mark.)"
You made me cry infront of everyone.,"2.Sadness  
 (e.g., Missed the scholarship by just 1 mark.)"
need theraphy,"2.Sadness  
 (e.g., Missed the scholarship by just 1 mark.)"
I am not well,"2.Sadness  
 (e.g., Missed the scholarship by just 1 mark.)"
I have not enough money to help someone,"2.Sadness  
 (e.g., Missed the scholarship by just 1 mark.)"
When I didn't get the results I expected in the semester exam,"2.Sadness  
 (e.g., Missed the scholarship by just 1 mark.)"
"I just feel really down today. It's like there's a heavy weight in my heart, and I don’t have the energy to do anything.","2.Sadness  
 (e.g., Missed the scholarship by just 1 mark.)"
Whenever I get bad comments,"2.Sadness  
 (e.g., Missed the scholarship by just 1 mark.)"
"Lately, I’ve been feeling really low. It’s one of those days where everything feels a bit heavier than usual. I’m trying to stay strong, but it’s tough. Just needed to let it out.","2.Sadness  
 (e.g., Missed the scholarship by just 1 mark.)"
I am worry,"2.Sadness  
 (e.g., Missed the scholarship by just 1 mark.)"
I'm tired of you,"2.Sadness  
 (e.g., Missed the scholarship by just 1 mark.)"
My best friend understands me wrongly,"2.Sadness  
 (e.g., Missed the scholarship by just 1 mark.)"
I feel sorry,"2.Sadness  
 (e.g., Missed the scholarship by just 1 mark.)"
I am very sad that hearing about it,"2.Sadness  
 (e.g., Missed the scholarship by just 1 mark.)"
I am so unlucky today,"2.Sadness  
 (e.g., Missed the scholarship by just 1 mark.)"
Working for 7 days in a week,"2.Sadness  
 (e.g., Missed the scholarship by just 1 mark.)"
Why me ? I can't believe this,"2.Sadness  
 (e.g., Missed the scholarship by just 1 mark.)"
Returning hostel from home,"2.Sadness  
 (e.g., Missed the scholarship by just 1 mark.)"
My close friend avoid me without any reason,"2.Sadness  
 (e.g., Missed the scholarship by just 1 mark.)"
Im worried about my results,"2.Sadness  
 (e.g., Missed the scholarship by just 1 mark.)"
The time which I spent with my friends in the past,"2.Sadness  
 (e.g., Missed the scholarship by just 1 mark.)"
"When I think about my mother, father.","2.Sadness  
 (e.g., Missed the scholarship by just 1 mark.)"
I don't get peaceful sleep,"2.Sadness  
 (e.g., Missed the scholarship by just 1 mark.)"
Iam good  i feels  like a heavy cloud is hanging over me.,"2.Sadness  
 (e.g., Missed the scholarship by just 1 mark.)"
I felt sad when I couldn't attend an important campus event because I had to travel home unexpectedly.,"2.Sadness  
 (e.g., Missed the scholarship by just 1 mark.)"
I felt sad when I didn’t get the mark I expected on my Internet Programming assignment after working so hard.,"2.Sadness  
 (e.g., Missed the scholarship by just 1 mark.)"
I feel sad,"2.Sadness  
 (e.g., Missed the scholarship by just 1 mark.)"
I have failed in a important exam,"2.Sadness  
 (e.g., Missed the scholarship by just 1 mark.)"
Tomorrow I have to go to university,"2.Sadness  
 (e.g., Missed the scholarship by just 1 mark.)"
Oops I failed this exam.,"2.Sadness  
 (e.g., Missed the scholarship by just 1 mark.)"
"My laptop is broken few days ago, and I felt lost","2.Sadness  
 (e.g., Missed the scholarship by just 1 mark.)"
Couldn't attend the family function due to semester exam.,"2.Sadness  
 (e.g., Missed the scholarship by just 1 mark.)"
Failed a subject,"2.Sadness  
 (e.g., Missed the scholarship by just 1 mark.)"
Best friend dropped out this semester.,"2.Sadness  
 (e.g., Missed the scholarship by just 1 mark.)"
Canteen ran out of kottu before I got there.,"2.Sadness  
 (e.g., Missed the scholarship by just 1 mark.)"
Bike broke down on the way to uni.,"2.Sadness  
 (e.g., Missed the scholarship by just 1 mark.)"
My favorite lecturer is leaving the university.,"2.Sadness  
 (e.g., Missed the scholarship by just 1 mark.)"
Iam alone,"2.Sadness  
 (e.g., Missed the scholarship by just 1 mark.)"
Lost the match in the last over... still can’t believe it.,"2.Sadness  
 (e.g., Missed the scholarship by just 1 mark.)"
Failed my driving test again… feeling low.,"2.Sadness  
 (e.g., Missed the scholarship by just 1 mark.)"
She left without saying goodbye,"2.Sadness  
 (e.g., Missed the scholarship by just 1 mark.)"
Didn’t get selected for the final team. All that practice... gone.,"2.Sadness  
 (e.g., Missed the scholarship by just 1 mark.)"
Lost my phone with all my memories in it.,"2.Sadness  
 (e.g., Missed the scholarship by just 1 mark.)"
Missing my dad.,"2.Sadness  
 (e.g., Missed the scholarship by just 1 mark.)"
I studied so hard and still didn’t do well.,"2.Sadness  
 (e.g., Missed the scholarship by just 1 mark.)"
Feeling homesick again... I miss my family.,"2.Sadness  
 (e.g., Missed the scholarship by just 1 mark.)"
My dog died on an accident,"2.Sadness  
 (e.g., Missed the scholarship by just 1 mark.)"
Sometimes I feel like I’m falling behind everyone else.,"2.Sadness  
 (e.g., Missed the scholarship by just 1 mark.)"
It’s overwhelming. I don’t know how to keep up.,"2.Sadness  
 (e.g., Missed the scholarship by just 1 mark.)"
Skipped class today... just couldn’t handle it.,"2.Sadness  
 (e.g., Missed the scholarship by just 1 mark.)"
I miss the old days more than I thought I would.,"2.Sadness  
 (e.g., Missed the scholarship by just 1 mark.)"
Why does university feel so lonely sometimes?,"2.Sadness  
 (e.g., Missed the scholarship by just 1 mark.)"
Cried in the bathroom after my presentation.,"2.Sadness  
 (e.g., Missed the scholarship by just 1 mark.)"
I keep trying but nothing seems to work.,"2.Sadness  
 (e.g., Missed the scholarship by just 1 mark.)"
I missed the bus today so i walked to the office,"2.Sadness  
 (e.g., Missed the scholarship by just 1 mark.)"
Failed that quiz I thought I did okay in.,"2.Sadness  
 (e.g., Missed the scholarship by just 1 mark.)"
I’m exhausted from pretending I’m okay all the time.,"2.Sadness  
 (e.g., Missed the scholarship by just 1 mark.)"
"Smiling outside, but inside I’m just tired.","2.Sadness  
 (e.g., Missed the scholarship by just 1 mark.)"
I tried my best but it still wasn’t enough.,"2.Sadness  
 (e.g., Missed the scholarship by just 1 mark.)"
It hurts when people you trust don’t trust you back.,"2.Sadness  
 (e.g., Missed the scholarship by just 1 mark.)"
That sinking feeling when plans fall apart last minute.,"2.Sadness  
 (e.g., Missed the scholarship by just 1 mark.)"
Feels like everything is just a bit too heavy today.,"2.Sadness  
 (e.g., Missed the scholarship by just 1 mark.)"
I miss how things used to be before everything changed.,"2.Sadness  
 (e.g., Missed the scholarship by just 1 mark.)"
I feel lonely sometimes.,"2.Sadness  
 (e.g., Missed the scholarship by just 1 mark.)"
It's hard to let go.,"2.Sadness  
 (e.g., Missed the scholarship by just 1 mark.)"
That news made me cry.,"2.Sadness  
 (e.g., Missed the scholarship by just 1 mark.)"
I did not expect this to happen.,"2.Sadness  
 (e.g., Missed the scholarship by just 1 mark.)"
I am worthless.,"2.Sadness  
 (e.g., Missed the scholarship by just 1 mark.)"
Lost my wallet.,"2.Sadness  
 (e.g., Missed the scholarship by just 1 mark.)"
Scored less than I expected… disappointed in myself,"2.Sadness  
 (e.g., Missed the scholarship by just 1 mark.)"
Couldn’t attend my best friend’s birthday. Feeling really bad.,"2.Sadness  
 (e.g., Missed the scholarship by just 1 mark.)"
Lost all my project data because my laptop crashed.,"2.Sadness  
 (e.g., Missed the scholarship by just 1 mark.)"
My favorite hoodie shrank in the wash.,"2.Sadness  
 (e.g., Missed the scholarship by just 1 mark.)"
Didn’t get selected for the team… feeling really down.,"2.Sadness  
 (e.g., Missed the scholarship by just 1 mark.)"
Rain ruined our boys' cricket match plan.,"2.Sadness  
 (e.g., Missed the scholarship by just 1 mark.)"
Had an argument with dad… hate this feeling.,"2.Sadness  
 (e.g., Missed the scholarship by just 1 mark.)"
"No matter how hard I try, it never feels enough.","2.Sadness  
 (e.g., Missed the scholarship by just 1 mark.)"
"Sometimes I feel like I’m there for everyone, but no one checks on me.","2.Sadness  
 (e.g., Missed the scholarship by just 1 mark.)"
Didn't get the expected results,"2.Sadness  
 (e.g., Missed the scholarship by just 1 mark.)"
"I did all the work, and my groupmates did nothing!","3. Anger  
 (e.g.,  Lecturer canceled the class last minute again!)"
I worked so hard and still didn’t get selected! This is so unfair!,"3. Anger  
 (e.g.,  Lecturer canceled the class last minute again!)"
Why is this so unfair,"3. Anger  
 (e.g.,  Lecturer canceled the class last minute again!)"
That was really unfair,"3. Anger  
 (e.g.,  Lecturer canceled the class last minute again!)"
I’m so annoyed! We worked hard on the group project and still got a low grade,"3. Anger  
 (e.g.,  Lecturer canceled the class last minute again!)"
Someone not picking up the call when i want to talk,"3. Anger  
 (e.g.,  Lecturer canceled the class last minute again!)"
"She lied to me, I'm mad at her.","3. Anger  
 (e.g.,  Lecturer canceled the class last minute again!)"
"I’m feeling really down today. Nothing seems to lift my mood, and everything feels a bit too heavy to carry. Just one of those tough days.","3. Anger  
 (e.g.,  Lecturer canceled the class last minute again!)"
"I worked hard, but still got blamed. It’s not fair!","3. Anger  
 (e.g.,  Lecturer canceled the class last minute again!)"
"I'm really frustrated right now,this isn’t okay!","3. Anger  
 (e.g.,  Lecturer canceled the class last minute again!)"
Its getting late. Please hurry up,"3. Anger  
 (e.g.,  Lecturer canceled the class last minute again!)"
When bike is break,"3. Anger  
 (e.g.,  Lecturer canceled the class last minute again!)"
"I’m angry and disappointed. I had high hopes, but everything just fell apart.","3. Anger  
 (e.g.,  Lecturer canceled the class last minute again!)"
My heart burns with anger whenever I think about my lover!,"3. Anger  
 (e.g.,  Lecturer canceled the class last minute again!)"
Today we had lectures for 6 hours continuously,"3. Anger  
 (e.g.,  Lecturer canceled the class last minute again!)"
On poya day there is a lecture at university.,"3. Anger  
 (e.g.,  Lecturer canceled the class last minute again!)"
"Whenever I hear, read or see the injustice that happens to men","3. Anger  
 (e.g.,  Lecturer canceled the class last minute again!)"
I will kill you,"3. Anger  
 (e.g.,  Lecturer canceled the class last minute again!)"
They said you wrong when you did good thing.,"3. Anger  
 (e.g.,  Lecturer canceled the class last minute again!)"
I am feeling anger,"3. Anger  
 (e.g.,  Lecturer canceled the class last minute again!)"
I'm so angry! I can't believe this happened. I trusted my friends but they let me down,"3. Anger  
 (e.g.,  Lecturer canceled the class last minute again!)"
Talking to someone immature for their age.,"3. Anger  
 (e.g.,  Lecturer canceled the class last minute again!)"
I’m honestly really frustrated right now,"3. Anger  
 (e.g.,  Lecturer canceled the class last minute again!)"
Someone scolds me without making mistakes.,"3. Anger  
 (e.g.,  Lecturer canceled the class last minute again!)"
Don't call.. I'm not going to talk with you.,"3. Anger  
 (e.g.,  Lecturer canceled the class last minute again!)"
Hearing gossips,"3. Anger  
 (e.g.,  Lecturer canceled the class last minute again!)"
Think before you do,"3. Anger  
 (e.g.,  Lecturer canceled the class last minute again!)"
My friends are cheating me,"3. Anger  
 (e.g.,  Lecturer canceled the class last minute again!)"
Someone ignored me,"3. Anger  
 (e.g.,  Lecturer canceled the class last minute again!)"
My brother broke my phone,"3. Anger  
 (e.g.,  Lecturer canceled the class last minute again!)"
Why are you treating others badly,"3. Anger  
 (e.g.,  Lecturer canceled the class last minute again!)"
When wasting time,"3. Anger  
 (e.g.,  Lecturer canceled the class last minute again!)"
Someone blamed me for something I didn't do,"3. Anger  
 (e.g.,  Lecturer canceled the class last minute again!)"
Its so hard to believe that my friend talk bad about me to others,"3. Anger  
 (e.g.,  Lecturer canceled the class last minute again!)"
God please curse him,"3. Anger  
 (e.g.,  Lecturer canceled the class last minute again!)"
"I’m really frustrated right now. Things didn’t go the way they should have, and it’s honestly exhausting dealing with the same issues over and over again","3. Anger  
 (e.g.,  Lecturer canceled the class last minute again!)"
I don't want anyone,"3. Anger  
 (e.g.,  Lecturer canceled the class last minute again!)"
I’m so angry right now,"3. Anger  
 (e.g.,  Lecturer canceled the class last minute again!)"
"I’m really frustrated right now! It’s so unfair when things don’t go the way they should, and it feels like no one’s listening. This needs to change!","3. Anger  
 (e.g.,  Lecturer canceled the class last minute again!)"
When someone speaks rudely,"3. Anger  
 (e.g.,  Lecturer canceled the class last minute again!)"
I'm done covering for people who don’t even try,"3. Anger  
 (e.g.,  Lecturer canceled the class last minute again!)"
I'm feeling very much frustrated for what you did..,"3. Anger  
 (e.g.,  Lecturer canceled the class last minute again!)"
I have lectures this weekend again… feeling so tired and drained.,"3. Anger  
 (e.g.,  Lecturer canceled the class last minute again!)"
"I’m really frustrated right now. I’ve been patient, but this situation keeps repeating, and it’s exhausting.","3. Anger  
 (e.g.,  Lecturer canceled the class last minute again!)"
I'm tired of this,"3. Anger  
 (e.g.,  Lecturer canceled the class last minute again!)"
Give import to phone while talking,"3. Anger  
 (e.g.,  Lecturer canceled the class last minute again!)"
I’m done,"3. Anger  
 (e.g.,  Lecturer canceled the class last minute again!)"
Someone kicking my cats,"3. Anger  
 (e.g.,  Lecturer canceled the class last minute again!)"
My friends talk gossip about me.... I will be angry with them...,"3. Anger  
 (e.g.,  Lecturer canceled the class last minute again!)"
Mind your own business,"3. Anger  
 (e.g.,  Lecturer canceled the class last minute again!)"
Do not come to near me i am so angry on you if you come surely i will hit you so please maintain the distance,"3. Anger  
 (e.g.,  Lecturer canceled the class last minute again!)"
I work hard for the assignment but the team members scold me,"3. Anger  
 (e.g.,  Lecturer canceled the class last minute again!)"
What the freak,"3. Anger  
 (e.g.,  Lecturer canceled the class last minute again!)"
"I regret trusting your words, I should have known better. And the audacity to play the victim is mind boggling, at least have the courage to accept your wrongdoing without giving lame excuses.","3. Anger  
 (e.g.,  Lecturer canceled the class last minute again!)"
I wouldn't even care if she said something else again.,"3. Anger  
 (e.g.,  Lecturer canceled the class last minute again!)"
Be away for while,"3. Anger  
 (e.g.,  Lecturer canceled the class last minute again!)"
"""They promised to help but didn’t show up at all. I’m so frustrated and disappointed!""","3. Anger  
 (e.g.,  Lecturer canceled the class last minute again!)"
What the the,"3. Anger  
 (e.g.,  Lecturer canceled the class last minute again!)"
I'll talk you later,"3. Anger  
 (e.g.,  Lecturer canceled the class last minute again!)"
I am not sure how to face this,"3. Anger  
 (e.g.,  Lecturer canceled the class last minute again!)"
When someone treat us badly,"3. Anger  
 (e.g.,  Lecturer canceled the class last minute again!)"
I worked on our group project alone and still some group members complained! So frustrating,"3. Anger  
 (e.g.,  Lecturer canceled the class last minute again!)"
Getting blamed when I’m not wrong,"3. Anger  
 (e.g.,  Lecturer canceled the class last minute again!)"
"I’m so mad right now, I can’t even explain how frustrated I feel. Go to the he'll..","3. Anger  
 (e.g.,  Lecturer canceled the class last minute again!)"
"I’m honestly really frustrated right now. Things just aren’t going the way they should, and it’s starting to get to me.","3. Anger  
 (e.g.,  Lecturer canceled the class last minute again!)"
"I’m really frustrated right now—things aren’t going the way they should, and it’s hard to stay calm.","3. Anger  
 (e.g.,  Lecturer canceled the class last minute again!)"
ohhh shitttt,"3. Anger  
 (e.g.,  Lecturer canceled the class last minute again!)"
Ohh okay,"3. Anger  
 (e.g.,  Lecturer canceled the class last minute again!)"
You are cheated on me.,"3. Anger  
 (e.g.,  Lecturer canceled the class last minute again!)"
go to hell,"3. Anger  
 (e.g.,  Lecturer canceled the class last minute again!)"
I am not well,"3. Anger  
 (e.g.,  Lecturer canceled the class last minute again!)"
Don't make me as a option,"3. Anger  
 (e.g.,  Lecturer canceled the class last minute again!)"
My mother compared his skills to those of another.,"3. Anger  
 (e.g.,  Lecturer canceled the class last minute again!)"
Junior not obeying us,"3. Anger  
 (e.g.,  Lecturer canceled the class last minute again!)"
"I'm so angry right now. Nothing is going right, and it's really frustrating.","3. Anger  
 (e.g.,  Lecturer canceled the class last minute again!)"
When someone do bad things for me,"3. Anger  
 (e.g.,  Lecturer canceled the class last minute again!)"
"I’m honestly really frustrated right now. It feels like things are completely out of control, and I’ve had enough. I’m tired of being patient when nothing seems to change.","3. Anger  
 (e.g.,  Lecturer canceled the class last minute again!)"
I am angry,"3. Anger  
 (e.g.,  Lecturer canceled the class last minute again!)"
I don't want talk about this,"3. Anger  
 (e.g.,  Lecturer canceled the class last minute again!)"
"Without participating the group project, one of our group member telling that you could have done like this","3. Anger  
 (e.g.,  Lecturer canceled the class last minute again!)"
I am angry with you,"3. Anger  
 (e.g.,  Lecturer canceled the class last minute again!)"
I am very angry about to see his attitude,"3. Anger  
 (e.g.,  Lecturer canceled the class last minute again!)"
You don't need to involve in this,"3. Anger  
 (e.g.,  Lecturer canceled the class last minute again!)"
Someone scolds me without any reason,"3. Anger  
 (e.g.,  Lecturer canceled the class last minute again!)"
I will kill you,"3. Anger  
 (e.g.,  Lecturer canceled the class last minute again!)"
When even loved one also does not understand us,"3. Anger  
 (e.g.,  Lecturer canceled the class last minute again!)"
My phone strucked when I was in important work,"3. Anger  
 (e.g.,  Lecturer canceled the class last minute again!)"
Why did this happen to me,"3. Anger  
 (e.g.,  Lecturer canceled the class last minute again!)"
If anyone hurts me without any mistakes in me,"3. Anger  
 (e.g.,  Lecturer canceled the class last minute again!)"
"we are doing a lot of work,but our demonstrator didn’t praise and support us.","3. Anger  
 (e.g.,  Lecturer canceled the class last minute again!)"
Unnecessarily disturbing during sleep,"3. Anger  
 (e.g.,  Lecturer canceled the class last minute again!)"
( i won't say anything ),"3. Anger  
 (e.g.,  Lecturer canceled the class last minute again!)"
I was angry when the internet went down during an important online lecture I really needed to attend.,"3. Anger  
 (e.g.,  Lecturer canceled the class last minute again!)"
I got angry when my laptop suddenly crashed right before submitting an assignment on LMS.,"3. Anger  
 (e.g.,  Lecturer canceled the class last minute again!)"
IAM really angry,"3. Anger  
 (e.g.,  Lecturer canceled the class last minute again!)"
My friend didn't obey my words,"3. Anger  
 (e.g.,  Lecturer canceled the class last minute again!)"
My group member doesn't care what I say,"3. Anger  
 (e.g.,  Lecturer canceled the class last minute again!)"
Why did you cut into the line?,"3. Anger  
 (e.g.,  Lecturer canceled the class last minute again!)"
"She doesn't know what happened, she just blames me.","3. Anger  
 (e.g.,  Lecturer canceled the class last minute again!)"
My assignment got deleted right before submission.,"3. Anger  
 (e.g.,  Lecturer canceled the class last minute again!)"
Someone blames me without knowing the truth,"3. Anger  
 (e.g.,  Lecturer canceled the class last minute again!)"
Roommate used my laptop without asking.,"3. Anger  
 (e.g.,  Lecturer canceled the class last minute again!)"
"Group project = I did everything, again.","3. Anger  
 (e.g.,  Lecturer canceled the class last minute again!)"
Group mates ghosted me on submission day.,"3. Anger  
 (e.g.,  Lecturer canceled the class last minute again!)"
Wi-Fi died during online Assignment.,"3. Anger  
 (e.g.,  Lecturer canceled the class last minute again!)"
Iam so frustrated,"3. Anger  
 (e.g.,  Lecturer canceled the class last minute again!)"
Waited 2 hours in the queue and they said system is down!,"3. Anger  
 (e.g.,  Lecturer canceled the class last minute again!)"
Lost the game because of a lag! So frustrating!,"3. Anger  
 (e.g.,  Lecturer canceled the class last minute again!)"
Roommate used my headphones again without asking!,"3. Anger  
 (e.g.,  Lecturer canceled the class last minute again!)"
All plans were set and he bailed out last minute! Not cool.,"3. Anger  
 (e.g.,  Lecturer canceled the class last minute again!)"
Waited over an hour and they didn’t even bother to show up or inform!,"3. Anger  
 (e.g.,  Lecturer canceled the class last minute again!)"
We have lectures on Sunday.,"3. Anger  
 (e.g.,  Lecturer canceled the class last minute again!)"
Group mates didn’t do anything—again. I’m so done.,"3. Anger  
 (e.g.,  Lecturer canceled the class last minute again!)"
Why do professors assign everything at once?!,"3. Anger  
 (e.g.,  Lecturer canceled the class last minute again!)"
He cheated on me again,"3. Anger  
 (e.g.,  Lecturer canceled the class last minute again!)"
My laptop crashed before I saved the assignment,"3. Anger  
 (e.g.,  Lecturer canceled the class last minute again!)"
I was marked absent even though I was there!,"3. Anger  
 (e.g.,  Lecturer canceled the class last minute again!)"
People talking during class drives me mad.,"3. Anger  
 (e.g.,  Lecturer canceled the class last minute again!)"
"If people just respected time, things wouldn’t be such a mess","3. Anger  
 (e.g.,  Lecturer canceled the class last minute again!)"
Why does uni Wi-Fi always die during submissions?!,"3. Anger  
 (e.g.,  Lecturer canceled the class last minute again!)"
The exam paper was NOTHING like what they taught.,"3. Anger  
 (e.g.,  Lecturer canceled the class last minute again!)"
Can’t believe the admin lost my documents again.,"3. Anger  
 (e.g.,  Lecturer canceled the class last minute again!)"
She is not replying to text messages,"3. Anger  
 (e.g.,  Lecturer canceled the class last minute again!)"
I hate when people take credit for my work.,"3. Anger  
 (e.g.,  Lecturer canceled the class last minute again!)"
This semester is testing my patience on every level.,"3. Anger  
 (e.g.,  Lecturer canceled the class last minute again!)"
"""I kept quiet to keep the peace… but now I’m boiling inside.","3. Anger  
 (e.g.,  Lecturer canceled the class last minute again!)"
I’m beyond fed up with being taken for granted.,"3. Anger  
 (e.g.,  Lecturer canceled the class last minute again!)"
So done with excuses and empty promises.,"3. Anger  
 (e.g.,  Lecturer canceled the class last minute again!)"
"I keep explaining myself, but nobody listens.","3. Anger  
 (e.g.,  Lecturer canceled the class last minute again!)"
Why do people think my kindness is weakness?,"3. Anger  
 (e.g.,  Lecturer canceled the class last minute again!)"
Losing patience faster than I thought I would today.,"3. Anger  
 (e.g.,  Lecturer canceled the class last minute again!)"
That was really unfair.,"3. Anger  
 (e.g.,  Lecturer canceled the class last minute again!)"
So frustrating.,"3. Anger  
 (e.g.,  Lecturer canceled the class last minute again!)"
I can not believe they did that.,"3. Anger  
 (e.g.,  Lecturer canceled the class last minute again!)"
I am tired of this.,"3. Anger  
 (e.g.,  Lecturer canceled the class last minute again!)"
Why did you do that?,"3. Anger  
 (e.g.,  Lecturer canceled the class last minute again!)"
He betrayed me.,"3. Anger  
 (e.g.,  Lecturer canceled the class last minute again!)"
Someone scratched my bike and didn’t even leave a note.,"3. Anger  
 (e.g.,  Lecturer canceled the class last minute again!)"
Group project and I’m doing everything alone! Fed up!,"3. Anger  
 (e.g.,  Lecturer canceled the class last minute again!)"
Trainer didn’t show up for the session. Time wasted.,"3. Anger  
 (e.g.,  Lecturer canceled the class last minute again!)"
"Group chat full of memes, but no project updates","3. Anger  
 (e.g.,  Lecturer canceled the class last minute again!)"
Got blamed for something I didn’t even do in the group.,"3. Anger  
 (e.g.,  Lecturer canceled the class last minute again!)"
Roommate took my charger and disappeared.,"3. Anger  
 (e.g.,  Lecturer canceled the class last minute again!)"
Why do people never listen properly the first time?!,"3. Anger  
 (e.g.,  Lecturer canceled the class last minute again!)"
They changed the assignment deadline after I submitted!,"3. Anger  
 (e.g.,  Lecturer canceled the class last minute again!)"
I told them I didn’t want to be part of that drama—and they dragged me in anyway.,"3. Anger  
 (e.g.,  Lecturer canceled the class last minute again!)"
Don't be disrespectful like u always do..,"3. Anger  
 (e.g.,  Lecturer canceled the class last minute again!)"
I have my presentation tomorrow,"4. Fear  
 (e.g., Viva starts in 5 minutes. I'm shaking.)"
I’m really scared about the final exam. What if I fail again?,"4. Fear  
 (e.g., Viva starts in 5 minutes. I'm shaking.)"
I have low percentage of attendance,"4. Fear  
 (e.g., Viva starts in 5 minutes. I'm shaking.)"
This makes me nervous,"4. Fear  
 (e.g., Viva starts in 5 minutes. I'm shaking.)"
I’m really nervous about the exam tomorrow... I don’t feel ready...,"4. Fear  
 (e.g., Viva starts in 5 minutes. I'm shaking.)"
i don't text when I'm scared.,"4. Fear  
 (e.g., Viva starts in 5 minutes. I'm shaking.)"
When exam results released,"4. Fear  
 (e.g., Viva starts in 5 minutes. I'm shaking.)"
I’m feeling really anxious and unsure about what’s going to happen.,"4. Fear  
 (e.g., Viva starts in 5 minutes. I'm shaking.)"
"I’m feeling really anxious right now. My mind keeps racing with “what ifs,” and I can’t seem to calm down. I just hope everything turns out okay.","4. Fear  
 (e.g., Viva starts in 5 minutes. I'm shaking.)"
"Exams are near, and I don’t feel ready.","4. Fear  
 (e.g., Viva starts in 5 minutes. I'm shaking.)"
I’m really scared… I don’t know what to do.,"4. Fear  
 (e.g., Viva starts in 5 minutes. I'm shaking.)"
Tomorrow i have project presentation,"4. Fear  
 (e.g., Viva starts in 5 minutes. I'm shaking.)"
No fear,"4. Fear  
 (e.g., Viva starts in 5 minutes. I'm shaking.)"
I’m worried I’m not prepared enough. What if everything falls apart?,"4. Fear  
 (e.g., Viva starts in 5 minutes. I'm shaking.)"
My heart trembles with fear whenever I think about my lover.,"4. Fear  
 (e.g., Viva starts in 5 minutes. I'm shaking.)"
I want to present in front of 100 people,"4. Fear  
 (e.g., Viva starts in 5 minutes. I'm shaking.)"
Tomorrow is the deadline for the final submission.,"4. Fear  
 (e.g., Viva starts in 5 minutes. I'm shaking.)"
"Lizard, traffic police","4. Fear  
 (e.g., Viva starts in 5 minutes. I'm shaking.)"
I feel scare,"4. Fear  
 (e.g., Viva starts in 5 minutes. I'm shaking.)"
You are alone in hostel,"4. Fear  
 (e.g., Viva starts in 5 minutes. I'm shaking.)"
I am feeling fear,"4. Fear  
 (e.g., Viva starts in 5 minutes. I'm shaking.)"
"My heart is racing,I don't know what is going to happen.I feel nervous and scared","4. Fear  
 (e.g., Viva starts in 5 minutes. I'm shaking.)"
Getting a notification about exam results being released tomorrow.,"4. Fear  
 (e.g., Viva starts in 5 minutes. I'm shaking.)"
I’m feeling really on edge right now. My heart keeps racing and every little sound makes me jump,"4. Fear  
 (e.g., Viva starts in 5 minutes. I'm shaking.)"
I was alone at last night therefore I scared,"4. Fear  
 (e.g., Viva starts in 5 minutes. I'm shaking.)"
I'm afraid...,"4. Fear  
 (e.g., Viva starts in 5 minutes. I'm shaking.)"
All is well,"4. Fear  
 (e.g., Viva starts in 5 minutes. I'm shaking.)"
I stay at home alone,"4. Fear  
 (e.g., Viva starts in 5 minutes. I'm shaking.)"
When I see my results,"4. Fear  
 (e.g., Viva starts in 5 minutes. I'm shaking.)"
I see the exam papper,"4. Fear  
 (e.g., Viva starts in 5 minutes. I'm shaking.)"
I have to sleep at night alone,"4. Fear  
 (e.g., Viva starts in 5 minutes. I'm shaking.)"
When seeing gost,"4. Fear  
 (e.g., Viva starts in 5 minutes. I'm shaking.)"
I got lost for a few minutes in a crowded place,"4. Fear  
 (e.g., Viva starts in 5 minutes. I'm shaking.)"
Tomorrow i have to deliver  my unprepared speech,"4. Fear  
 (e.g., Viva starts in 5 minutes. I'm shaking.)"
God please protect me,"4. Fear  
 (e.g., Viva starts in 5 minutes. I'm shaking.)"
"I’m feeling really anxious right now. My mind won’t stop racing, and I can’t help but worry about what might go wrong. I just wish I could calm down and feel safe.","4. Fear  
 (e.g., Viva starts in 5 minutes. I'm shaking.)"
I am very scared,"4. Fear  
 (e.g., Viva starts in 5 minutes. I'm shaking.)"
"My mind is racing, and I can’t stop worrying.","4. Fear  
 (e.g., Viva starts in 5 minutes. I'm shaking.)"
"I’m feeling really anxious right now... Not sure what’s going to happen next, and it’s hard to calm my mind. Hoping things will be okay.","4. Fear  
 (e.g., Viva starts in 5 minutes. I'm shaking.)"
When i get late night calls from my relatives,"4. Fear  
 (e.g., Viva starts in 5 minutes. I'm shaking.)"
I don't know how I am going to talk in front of the panel,"4. Fear  
 (e.g., Viva starts in 5 minutes. I'm shaking.)"
I'm struggling a little bit. I feel like to share the things with you and need help to handle it...,"4. Fear  
 (e.g., Viva starts in 5 minutes. I'm shaking.)"
"I have a presentation tomorrow, and i'm scared i'll spoil","4. Fear  
 (e.g., Viva starts in 5 minutes. I'm shaking.)"
"I’m feeling really scared right now. There’s so much uncertainty, and I can’t stop thinking about what might go wrong","4. Fear  
 (e.g., Viva starts in 5 minutes. I'm shaking.)"
Iam shaking right now,"4. Fear  
 (e.g., Viva starts in 5 minutes. I'm shaking.)"
Things doesn’t happen in proper time,"4. Fear  
 (e.g., Viva starts in 5 minutes. I'm shaking.)"
No more explanations,"4. Fear  
 (e.g., Viva starts in 5 minutes. I'm shaking.)"
About World War 3,"4. Fear  
 (e.g., Viva starts in 5 minutes. I'm shaking.)"
So sad,"4. Fear  
 (e.g., Viva starts in 5 minutes. I'm shaking.)"
I think about my future...that time I was scared...,"4. Fear  
 (e.g., Viva starts in 5 minutes. I'm shaking.)"
I am in dark i feel so fear,"4. Fear  
 (e.g., Viva starts in 5 minutes. I'm shaking.)"
Tomorrow I have my exam,"4. Fear  
 (e.g., Viva starts in 5 minutes. I'm shaking.)"
I’m anxious,"4. Fear  
 (e.g., Viva starts in 5 minutes. I'm shaking.)"
"Looking at all the indifference the people are showing towards this live genocide makes me so scary, especially when I think about what kind of world my child will be facing. I'm in a state of constant anxiety just trying to imagine myself in their shoes.","4. Fear  
 (e.g., Viva starts in 5 minutes. I'm shaking.)"
What's if I get repeated again ?,"4. Fear  
 (e.g., Viva starts in 5 minutes. I'm shaking.)"
It's not enough,"4. Fear  
 (e.g., Viva starts in 5 minutes. I'm shaking.)"
"""I have a big presentation tomorrow, and I’m so nervous. What if I mess up in front of everyone?""","4. Fear  
 (e.g., Viva starts in 5 minutes. I'm shaking.)"
I don't know to tell exactly what's happen. But I know something is happening,"4. Fear  
 (e.g., Viva starts in 5 minutes. I'm shaking.)"
That was really unfair,"4. Fear  
 (e.g., Viva starts in 5 minutes. I'm shaking.)"
When a sound come in the midnight,"4. Fear  
 (e.g., Viva starts in 5 minutes. I'm shaking.)"
Tomorrow is my viva and I’m really nervous… I hope I don’t mess up,"4. Fear  
 (e.g., Viva starts in 5 minutes. I'm shaking.)"
Losing a loved one,"4. Fear  
 (e.g., Viva starts in 5 minutes. I'm shaking.)"
My heart is racing and  I am feeling nervous and uneasy. I don't have any ideas what to do next.,"4. Fear  
 (e.g., Viva starts in 5 minutes. I'm shaking.)"
I’m feeling really anxious right now. My mind’s racing and I can’t seem to shake this uneasy feeling. Just hoping things calm down soon.,"4. Fear  
 (e.g., Viva starts in 5 minutes. I'm shaking.)"
I’m feeling really uneasy right now—my mind keeps racing and I can’t shake this nervous feeling.,"4. Fear  
 (e.g., Viva starts in 5 minutes. I'm shaking.)"
oh my god...,"4. Fear  
 (e.g., Viva starts in 5 minutes. I'm shaking.)"
Whaaat? Really,"4. Fear  
 (e.g., Viva starts in 5 minutes. I'm shaking.)"
I'm afraid to go through dark,"4. Fear  
 (e.g., Viva starts in 5 minutes. I'm shaking.)"
bro seriously ?,"4. Fear  
 (e.g., Viva starts in 5 minutes. I'm shaking.)"
I am not well,"4. Fear  
 (e.g., Viva starts in 5 minutes. I'm shaking.)"
How I am going to face the viva panel?,"4. Fear  
 (e.g., Viva starts in 5 minutes. I'm shaking.)"
When walking alone at night in a deserted place,"4. Fear  
 (e.g., Viva starts in 5 minutes. I'm shaking.)"
"""I'm feeling really anxious and nervous. My heart is racing, and I can't stop worrying about what might happen.""","4. Fear  
 (e.g., Viva starts in 5 minutes. I'm shaking.)"
When I see ghost,"4. Fear  
 (e.g., Viva starts in 5 minutes. I'm shaking.)"
"I’m feeling really anxious right now. My mind won’t stop racing, and there’s this tight feeling in my chest that won’t go away. I don’t know what’s coming next, and that uncertainty is overwhelming.","4. Fear  
 (e.g., Viva starts in 5 minutes. I'm shaking.)"
I scared,"4. Fear  
 (e.g., Viva starts in 5 minutes. I'm shaking.)"
I don't want what to do,"4. Fear  
 (e.g., Viva starts in 5 minutes. I'm shaking.)"
When I didn't submit my assignment in a time,"4. Fear  
 (e.g., Viva starts in 5 minutes. I'm shaking.)"
I am nervous,"4. Fear  
 (e.g., Viva starts in 5 minutes. I'm shaking.)"
I am very fear thinking about professional exam,"4. Fear  
 (e.g., Viva starts in 5 minutes. I'm shaking.)"
My hands are severing now,"4. Fear  
 (e.g., Viva starts in 5 minutes. I'm shaking.)"
Suddenly wake up from sleep due to nightmare,"4. Fear  
 (e.g., Viva starts in 5 minutes. I'm shaking.)"
"Don't show this to me, i can't see that","4. Fear  
 (e.g., Viva starts in 5 minutes. I'm shaking.)"
"When fail in a hard worked exam, definitely i have fear about next exam even if i do it also with hard work 🥹","4. Fear  
 (e.g., Viva starts in 5 minutes. I'm shaking.)"
When I sleep at night lonely,"4. Fear  
 (e.g., Viva starts in 5 minutes. I'm shaking.)"
Im afraid i might fail,"4. Fear  
 (e.g., Viva starts in 5 minutes. I'm shaking.)"
Living among this drugs using society,"4. Fear  
 (e.g., Viva starts in 5 minutes. I'm shaking.)"
I'm very afraid,"4. Fear  
 (e.g., Viva starts in 5 minutes. I'm shaking.)"
"I saw a big accident at the last week, It was making me feel bad and scared.","4. Fear  
 (e.g., Viva starts in 5 minutes. I'm shaking.)"
When I see parents getting old,"4. Fear  
 (e.g., Viva starts in 5 minutes. I'm shaking.)"
Something just doesn't feel right to me,"4. Fear  
 (e.g., Viva starts in 5 minutes. I'm shaking.)"
"I felt fear before the viva presentation, worried that I might forget important points.","4. Fear  
 (e.g., Viva starts in 5 minutes. I'm shaking.)"
I felt fear when the lecturer suddenly called my name to answer a question during a Zoom session.,"4. Fear  
 (e.g., Viva starts in 5 minutes. I'm shaking.)"
IAM scared,"4. Fear  
 (e.g., Viva starts in 5 minutes. I'm shaking.)"
I have to do the public speech tomorrow.,"4. Fear  
 (e.g., Viva starts in 5 minutes. I'm shaking.)"
Results are released tomorrow,"4. Fear  
 (e.g., Viva starts in 5 minutes. I'm shaking.)"
I felt someone was following me when I passed cemetery.,"4. Fear  
 (e.g., Viva starts in 5 minutes. I'm shaking.)"
"This place is full people, I feel so nervous.","4. Fear  
 (e.g., Viva starts in 5 minutes. I'm shaking.)"
Exams start tomorrow and I haven’t prepared enough.,"4. Fear  
 (e.g., Viva starts in 5 minutes. I'm shaking.)"
To attend an interview,"4. Fear  
 (e.g., Viva starts in 5 minutes. I'm shaking.)"
Forgot the presentation slides on exam day.,"4. Fear  
 (e.g., Viva starts in 5 minutes. I'm shaking.)"
"Lecturer said, “Pop quiz!” with a smile.","4. Fear  
 (e.g., Viva starts in 5 minutes. I'm shaking.)"
Dean walked in while I was napping in class.,"4. Fear  
 (e.g., Viva starts in 5 minutes. I'm shaking.)"
Accidentally sent the wrong file for final submission.,"4. Fear  
 (e.g., Viva starts in 5 minutes. I'm shaking.)"
What iam going to do exam,"4. Fear  
 (e.g., Viva starts in 5 minutes. I'm shaking.)"
Exam results are out tomorrow… can’t stop overthinking.,"4. Fear  
 (e.g., Viva starts in 5 minutes. I'm shaking.)"
Got a call from the boss. No idea what it’s about.,"4. Fear  
 (e.g., Viva starts in 5 minutes. I'm shaking.)"
First day at a new university… feeling super nervous.,"4. Fear  
 (e.g., Viva starts in 5 minutes. I'm shaking.)"
Interview in an hour and my hands are literally sweating.,"4. Fear  
 (e.g., Viva starts in 5 minutes. I'm shaking.)"
There’s a weird noise downstairs and I’m home alone.,"4. Fear  
 (e.g., Viva starts in 5 minutes. I'm shaking.)"
I have an intreview tomorrow.,"4. Fear  
 (e.g., Viva starts in 5 minutes. I'm shaking.)"
"Finals are coming, and I don’t feel ready at all.","4. Fear  
 (e.g., Viva starts in 5 minutes. I'm shaking.)"
I’m scared I might fail this course.,"4. Fear  
 (e.g., Viva starts in 5 minutes. I'm shaking.)"
I guess I won't pass the exams,"4. Fear  
 (e.g., Viva starts in 5 minutes. I'm shaking.)"
What if I chose the wrong major?,"4. Fear  
 (e.g., Viva starts in 5 minutes. I'm shaking.)"
I don’t think I’ll finish this project on time.,"4. Fear  
 (e.g., Viva starts in 5 minutes. I'm shaking.)"
"My GPA is slipping, and it terrifies me","4. Fear  
 (e.g., Viva starts in 5 minutes. I'm shaking.)"
My stomach is in knots just thinking about tomorrow,"4. Fear  
 (e.g., Viva starts in 5 minutes. I'm shaking.)"
Everyone else seems to have it together except me,"4. Fear  
 (e.g., Viva starts in 5 minutes. I'm shaking.)"
I’m afraid I’ll mess up my presentation tomorrow.,"4. Fear  
 (e.g., Viva starts in 5 minutes. I'm shaking.)"
What if I don’t get an internship? What’s next?,"4. Fear  
 (e.g., Viva starts in 5 minutes. I'm shaking.)"
"Exam results are released, check the link i send you","4. Fear  
 (e.g., Viva starts in 5 minutes. I'm shaking.)"
I feel anxious even opening my student portal.,"4. Fear  
 (e.g., Viva starts in 5 minutes. I'm shaking.)"
I worry that all this stress is affecting my health.,"4. Fear  
 (e.g., Viva starts in 5 minutes. I'm shaking.)"
"""I feel like I’m frozen, unable to move or speak.","4. Fear  
 (e.g., Viva starts in 5 minutes. I'm shaking.)"
Can’t focus—my brain’s stuck in panic mode.,"4. Fear  
 (e.g., Viva starts in 5 minutes. I'm shaking.)"
I feel on edge like something bad is lurking nearby.,"4. Fear  
 (e.g., Viva starts in 5 minutes. I'm shaking.)"
Breathing feels shallow and uneven when I get like this,"4. Fear  
 (e.g., Viva starts in 5 minutes. I'm shaking.)"
Overthinking every word I said today.,"4. Fear  
 (e.g., Viva starts in 5 minutes. I'm shaking.)"
Waiting feels like torture when your mind’s racing.,"4. Fear  
 (e.g., Viva starts in 5 minutes. I'm shaking.)"
I am scared to go alone.,"4. Fear  
 (e.g., Viva starts in 5 minutes. I'm shaking.)"
I do not feel safe here.,"4. Fear  
 (e.g., Viva starts in 5 minutes. I'm shaking.)"
That noise scared me.,"4. Fear  
 (e.g., Viva starts in 5 minutes. I'm shaking.)"
I can not stop worrying.,"4. Fear  
 (e.g., Viva starts in 5 minutes. I'm shaking.)"
Today is my first day at work.,"4. Fear  
 (e.g., Viva starts in 5 minutes. I'm shaking.)"
We have only one week for final examination.,"4. Fear  
 (e.g., Viva starts in 5 minutes. I'm shaking.)"
Health report coming today… really scared.,"4. Fear  
 (e.g., Viva starts in 5 minutes. I'm shaking.)"
Spotted something moving in the dark outside.,"4. Fear  
 (e.g., Viva starts in 5 minutes. I'm shaking.)"
Flight turbulence is getting worse. I hate this.,"4. Fear  
 (e.g., Viva starts in 5 minutes. I'm shaking.)"
Accidentally liked her 2019 photo at 2 a.m.,"4. Fear  
 (e.g., Viva starts in 5 minutes. I'm shaking.)"
I’m so nervous for the viva tomorrow—I can barely sleep.,"4. Fear  
 (e.g., Viva starts in 5 minutes. I'm shaking.)"
Forgot my ID during the exam again.,"4. Fear  
 (e.g., Viva starts in 5 minutes. I'm shaking.)"
Heard strange noises in the house… alone and freaking out.,"4. Fear  
 (e.g., Viva starts in 5 minutes. I'm shaking.)"
What if I don’t pass and have to repeat this semester?,"4. Fear  
 (e.g., Viva starts in 5 minutes. I'm shaking.)"
What if I don’t get into the uni I applied for? I can’t stop worrying,"4. Fear  
 (e.g., Viva starts in 5 minutes. I'm shaking.)"
I can't watch horror movies,"4. Fear  
 (e.g., Viva starts in 5 minutes. I'm shaking.)"
I just submitted my assignment,"5. Neutral  
 (e.g., Had lunch and attended lectures.)"
I have classes from 8 to 4 today and then I’ll study for a while.,"5. Neutral  
 (e.g., Had lunch and attended lectures.)"
"Today was a normal day , nothing special","5. Neutral  
 (e.g., Had lunch and attended lectures.)"
"Okay, that's fine","5. Neutral  
 (e.g., Had lunch and attended lectures.)"
Tomorrow have online lectures.. Full day,"5. Neutral  
 (e.g., Had lunch and attended lectures.)"
"got the point, I'll catch you later.","5. Neutral  
 (e.g., Had lunch and attended lectures.)"
When someone ask me to help them,"5. Neutral  
 (e.g., Had lunch and attended lectures.)"
I’m not feeling at my best today. Just taking things slow.,"5. Neutral  
 (e.g., Had lunch and attended lectures.)"
"Just going through a regular day. Nothing too exciting, nothing too stressful — everything’s pretty normal right now.","5. Neutral  
 (e.g., Had lunch and attended lectures.)"
Next class is on Monday at 8 AM in L11.,"5. Neutral  
 (e.g., Had lunch and attended lectures.)"
"Nothing much going on today, just a normal day.","5. Neutral  
 (e.g., Had lunch and attended lectures.)"
It is raining today and its ok,"5. Neutral  
 (e.g., Had lunch and attended lectures.)"
Your are the Handsome boy,"5. Neutral  
 (e.g., Had lunch and attended lectures.)"
"Everything’s fine. Nothing new, just the usual routine.","5. Neutral  
 (e.g., Had lunch and attended lectures.)"
My heart feels calm whenever I think about my lover.,"5. Neutral  
 (e.g., Had lunch and attended lectures.)"
Found a lizard in our dinner at hostel canteen,"5. Neutral  
 (e.g., Had lunch and attended lectures.)"
I brush my teeth.,"5. Neutral  
 (e.g., Had lunch and attended lectures.)"
Always neutral,"5. Neutral  
 (e.g., Had lunch and attended lectures.)"
I am fine,"5. Neutral  
 (e.g., Had lunch and attended lectures.)"
You are okay,"5. Neutral  
 (e.g., Had lunch and attended lectures.)"
I am feeling neutral,"5. Neutral  
 (e.g., Had lunch and attended lectures.)"
"I'm just going through the day as usual.Nothing special happened,and  everything feels pretty normal","5. Neutral  
 (e.g., Had lunch and attended lectures.)"
Getting a text reminder about an appointment next week.,"5. Neutral  
 (e.g., Had lunch and attended lectures.)"
Just going through the day as usual,"5. Neutral  
 (e.g., Had lunch and attended lectures.)"
I have passed a course without getting a very good result.,"5. Neutral  
 (e.g., Had lunch and attended lectures.)"
Follow the routine,"5. Neutral  
 (e.g., Had lunch and attended lectures.)"
It's okay,"5. Neutral  
 (e.g., Had lunch and attended lectures.)"
I study hard,"5. Neutral  
 (e.g., Had lunch and attended lectures.)"
Now I'm sitting like neutral,"5. Neutral  
 (e.g., Had lunch and attended lectures.)"
I am feel  goood  without my exam,"5. Neutral  
 (e.g., Had lunch and attended lectures.)"
I have to cook,"5. Neutral  
 (e.g., Had lunch and attended lectures.)"
When studying time,"5. Neutral  
 (e.g., Had lunch and attended lectures.)"
I spent the day doing my usual routine,"5. Neutral  
 (e.g., Had lunch and attended lectures.)"
Today is a calm and quiet day  for me.,"5. Neutral  
 (e.g., Had lunch and attended lectures.)"
All will be good,"5. Neutral  
 (e.g., Had lunch and attended lectures.)"
Nothing much going on today. Just going through the usual routine and taking things as they come.,"5. Neutral  
 (e.g., Had lunch and attended lectures.)"
I am OK,"5. Neutral  
 (e.g., Had lunch and attended lectures.)"
"Nothing too exciting or upsetting, just an ordinary day","5. Neutral  
 (e.g., Had lunch and attended lectures.)"
"Just an ordinary day—nothing special, nothing bad. Taking things as they come and staying steady.","5. Neutral  
 (e.g., Had lunch and attended lectures.)"
Studying everyday,"5. Neutral  
 (e.g., Had lunch and attended lectures.)"
I’ve completed my part of the task,"5. Neutral  
 (e.g., Had lunch and attended lectures.)"
Everything is fine..,"5. Neutral  
 (e.g., Had lunch and attended lectures.)"
Tomorrow we have lectures for 2 hours,"5. Neutral  
 (e.g., Had lunch and attended lectures.)"
Just going through the day as usual. Nothing too exciting or stressful—everything’s pretty routine.,"5. Neutral  
 (e.g., Had lunch and attended lectures.)"
Just feeling better,"5. Neutral  
 (e.g., Had lunch and attended lectures.)"
When things happening smooth,"5. Neutral  
 (e.g., Had lunch and attended lectures.)"
All is well,"5. Neutral  
 (e.g., Had lunch and attended lectures.)"
When someone misunderstanding me,"5. Neutral  
 (e.g., Had lunch and attended lectures.)"
"J usually don't express my feelings 
 Always laughing,  even in a terrible situation.  And, mostly it's neutral.","5. Neutral  
 (e.g., Had lunch and attended lectures.)"
I went to temple and pray for my family,"5. Neutral  
 (e.g., Had lunch and attended lectures.)"
It is ok,"5. Neutral  
 (e.g., Had lunch and attended lectures.)"
I am sleepy,"5. Neutral  
 (e.g., Had lunch and attended lectures.)"
Cool buddy,"5. Neutral  
 (e.g., Had lunch and attended lectures.)"
"I see, I'm glad you were able to come out of it. Hope you're doing better now!","5. Neutral  
 (e.g., Had lunch and attended lectures.)"
"Nothing new, everything is happening as of the daily routine","5. Neutral  
 (e.g., Had lunch and attended lectures.)"
Always be neutral,"5. Neutral  
 (e.g., Had lunch and attended lectures.)"
"""Just a regular day—nothing exciting, nothing bad. Just going with the flow.""","5. Neutral  
 (e.g., Had lunch and attended lectures.)"
Mm okay,"5. Neutral  
 (e.g., Had lunch and attended lectures.)"
I'm okey,"5. Neutral  
 (e.g., Had lunch and attended lectures.)"
Let's see how it goes,"5. Neutral  
 (e.g., Had lunch and attended lectures.)"
Every morning sunrises,"5. Neutral  
 (e.g., Had lunch and attended lectures.)"
"Just another normal day at uni—lectures, lunch, and heading back to the hostel. Nothing special today","5. Neutral  
 (e.g., Had lunch and attended lectures.)"
Having a homely cooked meal,"5. Neutral  
 (e.g., Had lunch and attended lectures.)"
I am just blank.,"5. Neutral  
 (e.g., Had lunch and attended lectures.)"
"Nothing much going on today—just a regular day. I'm feeling okay, not too up or down. Just going with the flow.","5. Neutral  
 (e.g., Had lunch and attended lectures.)"
"Nothing much going on—just a regular day. I’m feeling pretty neutral, not good or bad, just in between.","5. Neutral  
 (e.g., Had lunch and attended lectures.)"
it's so nice,"5. Neutral  
 (e.g., Had lunch and attended lectures.)"
Hi how are you?,"5. Neutral  
 (e.g., Had lunch and attended lectures.)"
I'm okay with that.,"5. Neutral  
 (e.g., Had lunch and attended lectures.)"
hmm ahh ok,"5. Neutral  
 (e.g., Had lunch and attended lectures.)"
I am fine,"5. Neutral  
 (e.g., Had lunch and attended lectures.)"
I am going to sleep now,"5. Neutral  
 (e.g., Had lunch and attended lectures.)"
When miss the University bus,"5. Neutral  
 (e.g., Had lunch and attended lectures.)"
In classroom,"5. Neutral  
 (e.g., Had lunch and attended lectures.)"
"I'm feeling okay today. Nothing special happened—just a normal, regular day.","5. Neutral  
 (e.g., Had lunch and attended lectures.)"
Nothing much importance,"5. Neutral  
 (e.g., Had lunch and attended lectures.)"
"Nothing too exciting going on today. Just going through the motions, getting things done, and keeping things steady. It’s one of those average days—not bad, not great, just… okay.","5. Neutral  
 (e.g., Had lunch and attended lectures.)"
I am normal,"5. Neutral  
 (e.g., Had lunch and attended lectures.)"
I'm ok,"5. Neutral  
 (e.g., Had lunch and attended lectures.)"
Going trip with my friends,"5. Neutral  
 (e.g., Had lunch and attended lectures.)"
It is ok,"5. Neutral  
 (e.g., Had lunch and attended lectures.)"
I am ok,"5. Neutral  
 (e.g., Had lunch and attended lectures.)"
I am fine,"5. Neutral  
 (e.g., Had lunch and attended lectures.)"
Get lunch at proper time,"5. Neutral  
 (e.g., Had lunch and attended lectures.)"
I'm ok,"5. Neutral  
 (e.g., Had lunch and attended lectures.)"
"90% mostly life is going line that, what ever happened we have to accept neutrally, otherwise no option ‍","5. Neutral  
 (e.g., Had lunch and attended lectures.)"
At my lectures time,"5. Neutral  
 (e.g., Had lunch and attended lectures.)"
If I finished my work perfectly,"5. Neutral  
 (e.g., Had lunch and attended lectures.)"
Nothing special going on,"5. Neutral  
 (e.g., Had lunch and attended lectures.)"
When I'm unjustly accused,"5. Neutral  
 (e.g., Had lunch and attended lectures.)"
Just finished all my works for the day and now relaxing a bit,"5. Neutral  
 (e.g., Had lunch and attended lectures.)"
"I felt neutral while waiting for the next class to start, just scrolling through my notes.","5. Neutral  
 (e.g., Had lunch and attended lectures.)"
I felt neutral while copying notes during a lecture without really thinking about the content.,"5. Neutral  
 (e.g., Had lunch and attended lectures.)"
Iam okay,"5. Neutral  
 (e.g., Had lunch and attended lectures.)"
We have lecture today,"5. Neutral  
 (e.g., Had lunch and attended lectures.)"
Fear of losing others,"5. Neutral  
 (e.g., Had lunch and attended lectures.)"
I got new messages from a group chat.,"5. Neutral  
 (e.g., Had lunch and attended lectures.)"
Today lecture is cancelled but it will be held on tomorrow,"5. Neutral  
 (e.g., Had lunch and attended lectures.)"
Attended lectures and came back to the hostel.,"5. Neutral  
 (e.g., Had lunch and attended lectures.)"
If a lecture is canceled,"5. Neutral  
 (e.g., Had lunch and attended lectures.)"
Went to class and played cricket afterward.,"5. Neutral  
 (e.g., Had lunch and attended lectures.)"
"Charged phone, watched memes, survived the day.","5. Neutral  
 (e.g., Had lunch and attended lectures.)"
"Attended lab, ate bun, came back.","5. Neutral  
 (e.g., Had lunch and attended lectures.)"
"Went to class, scrolled Instagram, came home.","5. Neutral  
 (e.g., Had lunch and attended lectures.)"
May be tomorrow,"5. Neutral  
 (e.g., Had lunch and attended lectures.)"
Just finished my assignments and now watching TV.,"5. Neutral  
 (e.g., Had lunch and attended lectures.)"
"Went to class, took notes, and came back home.","5. Neutral  
 (e.g., Had lunch and attended lectures.)"
Cleaned my room and did some laundry. Nothing much.,"5. Neutral  
 (e.g., Had lunch and attended lectures.)"
Attended all lectures today. Pretty regular day.,"5. Neutral  
 (e.g., Had lunch and attended lectures.)"
It’s been a quiet day. Got some work done and that’s about it.,"5. Neutral  
 (e.g., Had lunch and attended lectures.)"
Had dinner.,"5. Neutral  
 (e.g., Had lunch and attended lectures.)"
Just attended lectures and came back. Nothing special.,"5. Neutral  
 (e.g., Had lunch and attended lectures.)"
"Same routine: eat, class, study, sleep.","5. Neutral  
 (e.g., Had lunch and attended lectures.)"
I took a nap,"5. Neutral  
 (e.g., Had lunch and attended lectures.)"
"It’s a regular day. I’m just surviving, not thriving.","5. Neutral  
 (e.g., Had lunch and attended lectures.)"
"Not bad, not great. Just average, like always.","5. Neutral  
 (e.g., Had lunch and attended lectures.)"
"No drama today, thankfully. Just vibes.","5. Neutral  
 (e.g., Had lunch and attended lectures.)"
Finished my chores. Now just scrolling without purpose.,"5. Neutral  
 (e.g., Had lunch and attended lectures.)"
"Library, lunch, lecture—repeat. That’s it.","5. Neutral  
 (e.g., Had lunch and attended lectures.)"
"Campus is quiet, and so am I.","5. Neutral  
 (e.g., Had lunch and attended lectures.)"
"I’m existing, not really feeling much today.","5. Neutral  
 (e.g., Had lunch and attended lectures.)"
I did deep clean my room yesterday,"5. Neutral  
 (e.g., Had lunch and attended lectures.)"
Just going with the flow. It’s that kind of day.,"5. Neutral  
 (e.g., Had lunch and attended lectures.)"
Mood: neutral. Brain: idle. Motivation: meh.,"5. Neutral  
 (e.g., Had lunch and attended lectures.)"
I feel like I’m on autopilot lately.,"5. Neutral  
 (e.g., Had lunch and attended lectures.)"
Sometimes it’s okay to just be in the middle.,"5. Neutral  
 (e.g., Had lunch and attended lectures.)"
Just floating through the day with no big feelings either way.,"5. Neutral  
 (e.g., Had lunch and attended lectures.)"
"The usual routine, nothing new or exciting.","5. Neutral  
 (e.g., Had lunch and attended lectures.)"
Watching time pass without much to report.,"5. Neutral  
 (e.g., Had lunch and attended lectures.)"
"Another day, another dollar—or just another day.","5. Neutral  
 (e.g., Had lunch and attended lectures.)"
I am fine.,"5. Neutral  
 (e.g., Had lunch and attended lectures.)"
I will do it later.,"5. Neutral  
 (e.g., Had lunch and attended lectures.)"
It does not matter to me.,"5. Neutral  
 (e.g., Had lunch and attended lectures.)"
I have no opinion.,"5. Neutral  
 (e.g., Had lunch and attended lectures.)"
I do not know what is happening in my life.,"5. Neutral  
 (e.g., Had lunch and attended lectures.)"
I do not care,"5. Neutral  
 (e.g., Had lunch and attended lectures.)"
"Ate dinner, scrolled through Insta, now heading to bed.","5. Neutral  
 (e.g., Had lunch and attended lectures.)"
Spent most of the day indoors. Weather's been okay.,"5. Neutral  
 (e.g., Had lunch and attended lectures.)"
"Woke up late, went to gym, nothing special.","5. Neutral  
 (e.g., Had lunch and attended lectures.)"
Sat in the canteen for hours doing nothing.,"5. Neutral  
 (e.g., Had lunch and attended lectures.)"
Nothing much today. Just went to class and came back.,"5. Neutral  
 (e.g., Had lunch and attended lectures.)"
"Walked to class, yawned, came back.","5. Neutral  
 (e.g., Had lunch and attended lectures.)"
"Watched a movie, now thinking of what to do next.","5. Neutral  
 (e.g., Had lunch and attended lectures.)"
Brain’s on autopilot. Just waiting for the weekend.,"5. Neutral  
 (e.g., Had lunch and attended lectures.)"
"Had class, came back, scrolled for hours… same routine, different day.","5. Neutral  
 (e.g., Had lunch and attended lectures.)"
I'm good,"5. Neutral  
 (e.g., Had lunch and attended lectures.)"
